CREATE DATABASE ELBUENVIVIR_DB
GO

USE ELBUENVIVIR_DB
GO

--(1)
CREATE TABLE BITACORA(
	BITACORA_ID   INT CONSTRAINT PK_BITACORA PRIMARY KEY IDENTITY(1,1) NOT NULL,
	EVENTO        VARCHAR(20) NULL,
	FECHA_HORA    VARCHAR(20) NULL,
	USUARIO       VARCHAR(20) NULL,
)
GO

ALTER TABLE BITACORA ADD  CONSTRAINT DF_EVENTO_BIT  DEFAULT ('N/A') FOR EVENTO
GO
ALTER TABLE BITACORA ADD  CONSTRAINT DF_FECHA_HORA_BIT  DEFAULT (getdate()) FOR FECHA_HORA
GO
ALTER TABLE BITACORA ADD  CONSTRAINT DF_USUARIO_BIT  DEFAULT ('N/A') FOR USUARIO
GO 

--(2)
CREATE TABLE HORARIOFUNCIONARIOS (
    HORARIO_ID    INT CONSTRAINT PK_HORARIOFUNCIONARIOS PRIMARY KEY IDENTITY(1,1) NOT NULL,
    LUNES         VARCHAR(50),
	MARTES        VARCHAR(50),
	MIERCOLES     VARCHAR(50),
	JUEVES        VARCHAR(50),
	VIERNES       VARCHAR(50),
	SABADO        VARCHAR(50),
	DOMINGO       VARCHAR(50)
)
--(4)
CREATE TABLE FUNCIONARIOS(
    FUNCIONARIO_ID     INT CONSTRAINT PK_FUNCIONARIOS_ID PRIMARY KEY NOT NULL,
	HORARIO_ID         INT NOT NULL,
	PUESTO             VARCHAR(50) NULL,
    NOMBRE_FUNCIONARIO VARCHAR(50) NULL,
    APELLIDOS          VARCHAR(60) NULL,
    FECHA_NACIMIENTO   VARCHAR(50) NULL,
    GENERO             VARCHAR(20) NULL,
    NACIONALIDAD       VARCHAR(50) NULL,
	ESTADO_CIVIL       VARCHAR(20) NULL,
    CORREO             VARCHAR(50) NULL,
    TELEFONO           INT NULL,
    CIUDAD             VARCHAR(50) NULL,
    PROVINCIA          VARCHAR(50) NULL,
    DIRECCION_DETALLE  VARCHAR(300)NULL,
	ANOTACIONES        VARCHAR(300)NULL,

)
GO

ALTER TABLE FUNCIONARIOS ADD  CONSTRAINT DF_NACIONALIDAD_FUN  DEFAULT ('Costarricense') FOR NACIONALIDAD
GO
ALTER TABLE FUNCIONARIOS ADD  CONSTRAINT DF_CIUDAD_FUN  DEFAULT ('N/A') FOR CIUDAD
GO
ALTER TABLE FUNCIONARIOS ADD  CONSTRAINT DF_PROVINCIA_FUN  DEFAULT ('San Jose') FOR PROVINCIA
GO
ALTER TABLE FUNCIONARIOS ADD  CONSTRAINT DF_DIRECCION_DET_FUN  DEFAULT ('N/A') FOR DIRECCION_DETALLE
GO

--REFERENCE
ALTER TABLE FUNCIONARIOS ADD  CONSTRAINT FK_TO_HORARIOFUNCIONARIO FOREIGN KEY(HORARIO_ID)
REFERENCES HORARIOFUNCIONARIOS(HORARIO_ID)
ON DELETE CASCADE
GO 


--(6)
CREATE TABLE PACIENTES(
    PACIENTE_ID        INT CONSTRAINT PK_PACIENTES_ID PRIMARY KEY NOT NULL,
	TIPO_ID            VARCHAR(50) NULL,
    NOMBRE_PACIENTE    VARCHAR(50) NULL,
    APELLIDOS          VARCHAR(60) NULL,
    FECHA_NACIMIENTO   VARCHAR(50) NULL,
    GENERO             VARCHAR(50) NULL,
    NACIONALIDAD       VARCHAR(50) NULL,
	CORREO             VARCHAR(50) NULL,
	TELEFONO           INT NULL,
    CIUDAD             VARCHAR(50) NULL,
    PROVINCIA          VARCHAR(50) NULL,
    DIRECCION_DETALLE  VARCHAR(300)NULL,
	ESTADO_CIVIL       VARCHAR(50) NULL,
    LABORANDO          VARCHAR(50) NULL,
	EMERGENCIA_NUM     INT NULL,
	GUARDIAN           VARCHAR(50) NULL,
	ASEGURADO          VARCHAR(50) NULL
)
GO

ALTER TABLE PACIENTES ADD  CONSTRAINT DF_FECHA_NAC_PAC  DEFAULT (getdate()) FOR FECHA_NACIMIENTO
GO
ALTER TABLE PACIENTES ADD  CONSTRAINT DF_NACIONALIDAD_PAC  DEFAULT ('Costarricense') FOR NACIONALIDAD
GO
ALTER TABLE PACIENTES ADD  CONSTRAINT DF_CIUDAD_PAC  DEFAULT ('N/A') FOR CIUDAD
GO
ALTER TABLE PACIENTES ADD  CONSTRAINT DF_PROVINCIA_PAC  DEFAULT ('San Jose') FOR PROVINCIA
GO
ALTER TABLE PACIENTES ADD  CONSTRAINT DF_DIRECCION_DET_PAC  DEFAULT ('N/A') FOR DIRECCION_DETALLE
GO
ALTER TABLE PACIENTES ADD  CONSTRAINT DF_ESTADO_CIVIL_PAC  DEFAULT ('N/A') FOR ESTADO_CIVIL
GO
ALTER TABLE PACIENTES ADD  CONSTRAINT DF_GUARDIAN_PAC  DEFAULT ('N/A') FOR GUARDIAN
GO


--(7)
CREATE TABLE HISTORIAL(
	HISTORIAL_ID         INT CONSTRAINT PK_HISTORIAL PRIMARY KEY IDENTITY(1,1) NOT NULL,
	PACIENTE_ID          INT NOT NULL,
	FECHA_REGISTRO       VARCHAR(50) NULL,
	ANTECEDENTES         VARCHAR(100) NULL,
	MEDICAMENTOS         VARCHAR(100) NULL,
	DIAGNOSTICOS         VARCHAR(100) NULL,
	RESULTADO_PRUEBAS    VARCHAR(100) NULL,
	OBSERVACIONES        VARCHAR(100) NULL
)
GO
--REFERENCE
ALTER TABLE HISTORIAL ADD  CONSTRAINT FK_TO_PACIENTESH FOREIGN KEY(PACIENTE_ID)
REFERENCES PACIENTES(PACIENTE_ID)
ON DELETE NO ACTION

ALTER TABLE HISTORIAL ADD  CONSTRAINT DF_FECHA_REG_HIS  DEFAULT ('') FOR FECHA_REGISTRO
GO
ALTER TABLE HISTORIAL ADD  CONSTRAINT DF_ANTECEDENTES_HIS  DEFAULT ('') FOR ANTECEDENTES
GO
ALTER TABLE HISTORIAL ADD  CONSTRAINT DF_MEDICAMENTOS_HIS  DEFAULT ('') FOR MEDICAMENTOS
GO
ALTER TABLE HISTORIAL ADD  CONSTRAINT DF_DIAGNOSTICOS_HIS  DEFAULT ('') FOR DIAGNOSTICOS
GO
ALTER TABLE HISTORIAL ADD  CONSTRAINT DF_RESULTADO_PRUEBAS_HIS  DEFAULT ('') FOR RESULTADO_PRUEBAS
GO
ALTER TABLE HISTORIAL ADD  CONSTRAINT DF_OBSERVACIONES_HIS  DEFAULT ('') FOR OBSERVACIONES
GO



--(8)
CREATE TABLE ESPECIALIDADES(
	ESPECIAL_ID          INT CONSTRAINT PK_ESPECIALIDADES PRIMARY KEY IDENTITY(1,1) NOT NULL,
	NOMBRE_ESPECIALIDAD  VARCHAR(50) NULL,
	DESCRIPCION          VARCHAR(200) NULL,
	AREA                 VARCHAR(50) NULL,
	COSTO                DECIMAL(10, 2) NULL,
	DISPONIBILIDAD       VARCHAR(50) NULL,
	OBSERVACIONES        VARCHAR(200) NULL,
)
GO
--RULES
ALTER TABLE ESPECIALIDADES ADD  CONSTRAINT DF_DESCRIPCION_ESP  DEFAULT ('N/A') FOR DESCRIPCION
GO
ALTER TABLE ESPECIALIDADES ADD  CONSTRAINT DF_AREA_ESP  DEFAULT ('Medicina General') FOR AREA
GO
ALTER TABLE ESPECIALIDADES ADD  CONSTRAINT DF_COSTO_ESP  DEFAULT ((0.00)) FOR COSTO
GO
ALTER TABLE ESPECIALIDADES ADD  CONSTRAINT DF_DISPONIBILIDAD_ESP  DEFAULT ('Si') FOR DISPONIBILIDAD
GO
ALTER TABLE ESPECIALIDADES ADD  CONSTRAINT DF_OBSERVACIONES_ESP  DEFAULT ('Sin Observaciones') FOR OBSERVACIONES
GO


--(9)
CREATE TABLE HORARIO (
    HORARIO_ID   INT CONSTRAINT PK_HORARIO PRIMARY KEY IDENTITY(1,1) NOT NULL,
    FECHA        VARCHAR(50),
    HORA_INICIO  VARCHAR(50),
    HORA_FIN     VARCHAR(50),
	MEDICO_ID    INT
)
----REFERENCE
ALTER TABLE HORARIO ADD CONSTRAINT FK_TO_FUNCIONARIO_MED
FOREIGN KEY(MEDICO_ID) REFERENCES FUNCIONARIOS(FUNCIONARIO_ID)
ON DELETE CASCADE
GO
--(10)
CREATE TABLE PAGOS (
    PAGOS_ID    INT CONSTRAINT PK_PAGOS PRIMARY KEY IDENTITY(1,1) NOT NULL,
    MONTO       DECIMAL(10,2),
    METODOPAGO  VARCHAR(50)
)
GO

--(11)
CREATE TABLE CITAS(
	CITAS_ID                    INT CONSTRAINT PK_CITAS PRIMARY KEY IDENTITY(1,1) NOT NULL,
    HORARIO_ID                  INT NULL,
	PAGOS_ID                    INT NOT NULL,
	ESTADO                      VARCHAR(100) NULL,
	MOTIVO                      VARCHAR(100) NULL,
	OBSERVACIONES               VARCHAR(100) NULL,
	METODO_PAGO                 VARCHAR(20) NULL
)

----REFERENCE
ALTER TABLE CITAS ADD CONSTRAINT FK_TO_HORARIO 
FOREIGN KEY(HORARIO_ID) REFERENCES HORARIO (HORARIO_ID)
ON DELETE CASCADE
GO
ALTER TABLE CITAS ADD  CONSTRAINT FK_TO_PAGOS FOREIGN KEY(PAGOS_ID)
REFERENCES PAGOS(PAGOS_ID)
ON DELETE CASCADE
GO


--(12)
CREATE TABLE PLATAFORMA(
	PLATAFORMA_ID   INT CONSTRAINT PK_PLATAFORMA PRIMARY KEY IDENTITY(1,1) NOT NULL,
	PACIENTE_ID     INT NOT NULL,
	CITAS_ID        INT NOT NULL,
	FUNCIONARIO_ID   INT NOT NULL,
	HORA_ENTRADA    VARCHAR(50) NULL,
	MOTIVO          VARCHAR(50) NULL,
)
GO

ALTER TABLE PLATAFORMA ADD  CONSTRAINT FK_CITAS FOREIGN KEY(CITAS_ID)
REFERENCES CITAS (CITAS_ID)
ON DELETE NO ACTION
GO
ALTER TABLE PLATAFORMA ADD  CONSTRAINT FK_FUNCIONARIOID FOREIGN KEY(FUNCIONARIO_ID)
REFERENCES FUNCIONARIOS(FUNCIONARIO_ID)
ON DELETE CASCADE
GO
ALTER TABLE PLATAFORMA ADD  CONSTRAINT FK_PACIENTES FOREIGN KEY(PACIENTE_ID)
REFERENCES PACIENTES(PACIENTE_ID)
ON DELETE NO ACTION
GO



--(13)
CREATE TABLE INVENTARIO(
	INVENTARIO_ID    INT CONSTRAINT PK_INVENTARIO_ID PRIMARY KEY IDENTITY(1,1) NOT NULL,
	PRODUCTO         VARCHAR(50) NULL,
	CANTIDAD         INT NULL,
	FECHA_CADUCIDAD  VARCHAR(50) NULL,
	PRECIO_UNITARIO  DECIMAL(10, 2) NULL,
	PROVEEDOR        VARCHAR(50) NULL,
)
GO
ALTER TABLE INVENTARIO ADD  CONSTRAINT DF_PRODUCTO_INV  DEFAULT ('N/A') FOR PRODUCTO
GO
ALTER TABLE INVENTARIO ADD  CONSTRAINT DF_CANTIDAD_INV  DEFAULT ((0)) FOR CANTIDAD
GO
ALTER TABLE INVENTARIO ADD  CONSTRAINT DF_CADUCIDAD_INV  DEFAULT (getdate()) FOR FECHA_CADUCIDAD
GO
ALTER TABLE INVENTARIO ADD  CONSTRAINT DF_PRECIO_UNIT_INV  DEFAULT ((0.00)) FOR PRECIO_UNITARIO
GO
ALTER TABLE INVENTARIO ADD  CONSTRAINT DF_PROVEEDOR_INV  DEFAULT ('N/A') FOR PROVEEDOR
GO 

--(14)
CREATE TABLE RECETAS
(
    RECETAS_ID         INT CONSTRAINT PK_RECETAS PRIMARY KEY IDENTITY(1,1) NOT NULL,
	INVENTARIO_ID      INT NOT NULL,
    FUNCIONARIO_ID     INT NOT NULL,
    NOMBRE_RECETA      VARCHAR(50) NULL,
    DOSIS              VARCHAR(50) NULL,
    FECHA_RETIRO       VARCHAR(50) NULL,
    DURACION           VARCHAR(50) NULL,
    INDICACIONES       VARCHAR(100) NULL,
    CANTIDAD_RECETAS   INT NULL,
    PROXIMA_RECETA     VARCHAR(50) NULL
)
GO
ALTER TABLE RECETAS ADD  CONSTRAINT DF_DOSIS_REC  DEFAULT ('N/A') FOR DOSIS
GO
ALTER TABLE RECETAS ADD  CONSTRAINT DF_FECHA_RET_REC  DEFAULT (getdate()) FOR FECHA_RETIRO
GO
ALTER TABLE RECETAS ADD  CONSTRAINT DF_DURACION_REC  DEFAULT ('N/A') FOR DURACION
GO
ALTER TABLE RECETAS ADD  CONSTRAINT DF_INDICACIONES_REC  DEFAULT ('N/A') FOR INDICACIONES
GO
ALTER TABLE RECETAS ADD  CONSTRAINT DF_CANTIDAD_REC  DEFAULT ((0)) FOR CANTIDAD_RECETAS
GO
ALTER TABLE RECETAS ADD  CONSTRAINT DF_PROXIMO_REC  DEFAULT (getdate()) FOR PROXIMA_RECETA
GO
----REFERENCE
ALTER TABLE RECETAS ADD  CONSTRAINT FK_TO_INVENTARIO 
FOREIGN KEY(INVENTARIO_ID) REFERENCES INVENTARIO(INVENTARIO_ID)
ON DELETE NO ACTION
ALTER TABLE RECETAS ADD  CONSTRAINT FK_TO_FUNPUESTOS_ID
FOREIGN KEY(FUNCIONARIO_ID) REFERENCES FUNCIONARIOS(FUNCIONARIO_ID)
ON DELETE CASCADE

-- Tabla BITACORA
INSERT INTO BITACORA (EVENTO, FECHA_HORA, USUARIO) VALUES
('Evento 1', '2023/01/01', 'Usuario1'),
('Evento 2', '2023/02/15', 'Usuario2'),
('Evento 3', '2023/03/10', 'Usuario3'),
('Evento 4', '2023/04/20', 'Usuario4'),
('Evento 5', '2023/05/05', 'Usuario5');

-- Tabla HORARIOFUNCIONARIOS
INSERT INTO HorarioFuncionarios (LUNES, MARTES, MIERCOLES, JUEVES, VIERNES, SABADO, DOMINGO) VALUES
('1:00-17:00', '2:00-17:00', '3:00-17:00', '4:00-17:00', '5:00-17:00', '6:00-12:00', '--Libre--'),
('6:00-17:00', '6:00-17:00', '6:00-17:00', '6:00-17:00', '6:00-17:00', '8:00-12:00', '--Libre--'),
('6:00-17:00', '6:00-17:00', '6:00-17:00', '6:00-17:00', '6:00-17:00', '8:00-12:00', '--Libre--'),
('6:00-17:00', '6:00-17:00', '6:00-17:00', '6:00-17:00', '6:00-17:00', '8:00-12:00', '--Libre--'),
('6:00-17:00', '6:00-17:00', '6:00-17:00', '6:00-17:00', '6:00-17:00', '8:00-12:00', '--Libre--');


-- Tabla FUNCIONARIOS
INSERT INTO FUNCIONARIOS (FUNCIONARIO_ID, HORARIO_ID, PUESTO, NOMBRE_FUNCIONARIO, APELLIDOS, FECHA_NACIMIENTO, GENERO, NACIONALIDAD, ESTADO_CIVIL, CORREO, TELEFONO, CIUDAD, PROVINCIA, DIRECCION_DETALLE, ANOTACIONES) VALUES
(1, 1, 'Medico', 'Funcionario 1', 'Apellido 1', '2023/01/01', 'Masculino', 'Costarricense', 'Estado Civil 1', 'correo1@example.com', 12345678, 'Ciudad 1', 'Provincia 1', 'Dirección 1', 'Anotaciones 1'),
(2, 2, 'Medico', 'Funcionario 2', 'Apellido 2', '2023/02/15', 'Femenino', 'Costarricense', 'Estado Civil 2', 'correo2@example.com', 87654321, 'Ciudad 2', 'Provincia 2', 'Dirección 2', 'Anotaciones 2'),
(3, 3, 'Puesto 3', 'Funcionario 3', 'Apellido 3', '2023/03/10', 'Femenino', 'Costarricense', 'Estado Civil 3', 'correo3@example.com', 98765432, 'Ciudad 3', 'Provincia 3', 'Dirección 3', 'Anotaciones 3'),
(4, 4, 'Puesto 4', 'Funcionario 4', 'Apellido 4', '2023/04/20', 'Masculino', 'Costarricense', 'Estado Civil 4', 'correo4@example.com', 54321098, 'Ciudad 4', 'Provincia 4', 'Dirección 4', 'Anotaciones 4'),
(5, 5, 'Medico', 'Funcionario 5', 'Apellido 5', '2023/05/05', 'Masculino', 'Costarricense', 'Estado Civil 5', 'correo5@example.com', 87654321, 'Ciudad 5', 'Provincia 5', 'Dirección 5', 'Anotaciones 5');

-- Tabla PACIENTES
INSERT INTO PACIENTES (PACIENTE_ID, TIPO_ID, NOMBRE_PACIENTE, APELLIDOS, FECHA_NACIMIENTO, GENERO, NACIONALIDAD, CORREO, TELEFONO, CIUDAD, PROVINCIA, DIRECCION_DETALLE, ESTADO_CIVIL, LABORANDO, EMERGENCIA_NUM, GUARDIAN, ASEGURADO) VALUES
(1,'Tipo ID 1', 'Paciente 1', 'Apellido 1', '2023/01/01', 'Masculino', 'Costarricense', 'correo1@example.com', 12345678, 'Ciudad 1', 'Provincia 1', 'Dirección 1', 'Estado Civil 1', 'Si', 98765432, 'Guardian 1', 'No'),
(2,'Tipo ID 2', 'Paciente 2', 'Apellido 2', '2023/02/15', 'Masculino', 'Costarricense', 'correo2@example.com', 87654321, 'Ciudad 2', 'Provincia 2', 'Dirección 2', 'Estado Civil 2', 'Si', 12345678, 'Guardian 2', 'No'),
(3,'Tipo ID 3', 'Paciente 3', 'Apellido 3', '2023/03/10', 'Femenino', 'Costarricense', 'correo3@example.com', 98765432, 'Ciudad 3', 'Provincia 3', 'Dirección 3', 'Estado Civil 3', 'No', 54321098, 'Guardian 3', 'Si'),
(4,'Tipo ID 4', 'Paciente 4', 'Apellido 4', '2023/04/20', 'Masculino', 'Costarricense', 'correo4@example.com', 54321098, 'Ciudad 4', 'Provincia 4', 'Dirección 4', 'Estado Civil 4', 'No', 12345678, 'Guardian 4', 'Si'),
(5,'Tipo ID 5', 'Paciente 5', 'Apellido 5', '2023/05/05', 'Femenino', 'Costarricense', 'correo5@example.com', 87654321, 'Ciudad 5', 'Provincia 5', 'Dirección 5', 'Estado Civil 5', 'No', 98765432, 'Guardian 5', 'Si');

-- Tabla HISTORIAL
INSERT INTO HISTORIAL (PACIENTE_ID, FECHA_REGISTRO, ANTECEDENTES, MEDICAMENTOS, DIAGNOSTICOS, RESULTADO_PRUEBAS, OBSERVACIONES) VALUES
(1,'2023/01/01', 'Antecedentes 1', 'Medicamentos 1', 'Diagnósticos 1', 'Resultado Pruebas 1', 'Observaciones 1'),
(2,'2023/02/15', 'Antecedentes 2', 'Medicamentos 2', 'Diagnósticos 2', 'Resultado Pruebas 2', 'Observaciones 2'),
(3,'2023/03/10', 'Antecedentes 3', 'Medicamentos 3', 'Diagnósticos 3', 'Resultado Pruebas 3', 'Observaciones 3'),
(4,'2023/04/20', 'Antecedentes 4', 'Medicamentos 4', 'Diagnósticos 4', 'Resultado Pruebas 4', 'Observaciones 4'),
(5,'2023/05/05', 'Antecedentes 5', 'Medicamentos 5', 'Diagnósticos 5', 'Resultado Pruebas 5', 'Observaciones 5');

-- Tabla ESPECIALIDADES
INSERT INTO ESPECIALIDADES (NOMBRE_ESPECIALIDAD, DESCRIPCION, AREA, COSTO, DISPONIBILIDAD, OBSERVACIONES) VALUES
('Especialidad 1', 'Descripción 1', 'Área 1', 100.00, 'Disponible', 'Observaciones 1'),
('Especialidad 2', 'Descripción 2', 'Área 2', 200.00, 'Disponible', 'Observaciones 2'),
('Especialidad 3', 'Descripción 3', 'Área 3', 300.00, 'No Disponible', 'Observaciones 3'),
('Especialidad 4', 'Descripción 4', 'Área 4', 400.00, 'Disponible', 'Observaciones 4'),
('Especialidad 5', 'Descripción 5', 'Área 5', 500.00, 'No Disponible', 'Observaciones 5');

-- Tabla HORARIO
INSERT INTO HORARIO (FECHA, HORA_INICIO, HORA_FIN, MEDICO_ID) VALUES
('2023/07/17', '03:00', '03:30',1),
('2023/07/17', '14:00', '14:30',2),
('2023/03/10', '10:00', '10:30',3),
('2023/04/20', '13:00', '13:30',4),
('2023/08/01', '08:00', '08:30',5);

--TABLA PAGOS
INSERT INTO PAGOS (MONTO, METODOPAGO) VALUES
  (100.00, 'Efectivo'),
  (50.25, 'Tarjeta de crédito'),
  (75.50, 'Transferencia bancaria'),
  (200.00, 'Efectivo'),
  (150.75, 'Cheque');

-- Tabla CITAS
INSERT INTO CITAS (HORARIO_ID, PAGOS_ID, ESTADO, MOTIVO, OBSERVACIONES, METODO_PAGO) VALUES
(1,1, 'Estado 1', 'Motivo 1', 'Observaciones 1', 'Método de Pago 1'),
(2,2, 'Estado 2', 'Motivo 2', 'Observaciones 2', 'Método de Pago 2'),
(3,3, 'Estado 3', 'Motivo 3', 'Observaciones 3', 'Método de Pago 3'),
(4,4, 'Estado 4', 'Motivo 4', 'Observaciones 4', 'Método de Pago 4'),
(5,5, 'Estado 5', 'Motivo 5', 'Observaciones 5', 'Método de Pago 5');



-- Tabla PLATAFORMA
INSERT INTO PLATAFORMA (PACIENTE_ID, CITAS_ID, FUNCIONARIO_ID, HORA_ENTRADA, MOTIVO) VALUES
  (1, 1, 1, '09:00:00', 'Consulta médica'),
  (2, 2, 2, '10:30:00', 'Examen de laboratorio'),
  (3, 3, 3, '11:15:00', 'Terapia física'),
  (4, 4, 4, '14:00:00', 'Consulta psicológica'),
  (5, 5, 5, '15:45:00', 'Control de medicamentos');

-- Tabla INVENTARIO
INSERT INTO INVENTARIO (PRODUCTO, CANTIDAD, FECHA_CADUCIDAD, PRECIO_UNITARIO, PROVEEDOR) VALUES
('Producto 1', 10, '2023/12/31', 10.00, 'Proveedor 1'),
('Producto 2', 20, '2023/11/30', 20.00, 'Proveedor 2'),
('Producto 3', 30, '2023/10/31', 30.00, 'Proveedor 3'),
('Producto 4', 40, '2023/09/30', 40.00, 'Proveedor 4'),
('Producto 5', 50, '2023/08/31', 50.00, 'Proveedor 5');

-- Tabla RECETAS
INSERT INTO RECETAS (INVENTARIO_ID, FUNCIONARIO_ID, NOMBRE_RECETA, DOSIS, FECHA_RETIRO, DURACION, INDICACIONES, CANTIDAD_RECETAS, PROXIMA_RECETA) VALUES
(1, 1, 'Receta 1', 'Dosis 1', '2023/07/01', 'Duración 1', 'Indicaciones 1', 1, '2023/07/08'),
(2, 2, 'Receta 2', 'Dosis 2', '2023/07/02', 'Duración 2', 'Indicaciones 2', 2, '2023/07/09'),
(3, 3, 'Receta 3', 'Dosis 3', '2023/07/03', 'Duración 3', 'Indicaciones 3', 3, '2023/07/10'),
(4, 4, 'Receta 4', 'Dosis 4', '2023/07/04', 'Duración 4', 'Indicaciones 4', 4, '2023/07/11'),
(5, 5, 'Receta 5', 'Dosis 5', '2023/07/05', 'Duración 5', 'Indicaciones 5', 5, '2023/07/12');


SELECT * FROM FUNCIONARIOS
SELECT * FROM HORARIOFUNCIONARIOS;
SELECT * FROM HISTORIAL;
SELECT * FROM BITACORA;
SELECT * FROM PACIENTES;
SELECT * FROM ESPECIALIDADES;
SELECT * FROM HORARIO;
SELECT * FROM CITAS;
SELECT * FROM PLATAFORMA;
SELECT * FROM INVENTARIO;
SELECT * FROM RECETAS;
SELECT * FROM PAGOS;

--SELECT NOMBRE_FUNCIONARIO, FUNCIONARIO_ID
--FROM FUNCIONARIOS
--WHERE PUESTO = 'Medico'



--SELECT F.NOMBRE_FUNCIONARIO, F.PUESTO, H.FECHA, H.HORA_INICIO, H.HORA_FIN, H.MEDICO_ID
--FROM HORARIO H
--INNER JOIN FUNCIONARIOS F ON H.MEDICO_ID = F.FUNCIONARIO_ID
--WHERE F.PUESTO = 'Medico' AND H.FECHA = '2023/05/05' AND H.HORA_INICIO = '08:00'


----ORDER BY H.FECHA;
----string fecha = "2023/05/05";
----string horaInicio = "08:00";
----string condicion = $"F.PUESTO = 'Medico' AND H.FECHA = '{fecha}' AND H.HORA_INICIO = '{horaInicio}'";

--SELECT *
--FROM HORARIO
--WHERE FECHA = '2023/05/05'
--ORDER BY FECHA;


--SELECT NOMBRE_FUNCIONARIO, LUNES
--FROM FUNCIONARIOS F
--INNER JOIN HORARIOFUNCIONARIOS HF ON F.HORARIO_ID = HF.HORARIO_ID


--SELECT F.FUNCIONARIO_ID, HF.LUNES, HF.MARTES, HF.MIERCOLES, HF.JUEVES, HF.VIERNES, HF.SABADO, HF.DOMINGO
--FROM HORARIO H
--INNER JOIN FUNCIONARIOS F ON H.MEDICO_ID = F.FUNCIONARIO_ID
--INNER JOIN HORARIOFUNCIONARIOS HF ON F.HORARIO_ID = HF.HORARIO_ID
--WHERE FUNCIONARIO_ID = '1'


--SELECT *
--FROM HISTORIAL
--WHERE HISTORIAL_ID = '1'


--SELECT *
--FROM PACIENTES
--WHERE PACIENTE_ID = '1'


--SELECT C.CITAS_ID, ESTADO, C.MOTIVO, OBSERVACIONES,H.FECHA, H.HORA_INICIO, P.MONTO, F.NOMBRE_FUNCIONARIO
--FROM CITAS AS C
--INNER JOIN HORARIO AS H ON C.HORARIO_ID = H.HORARIO_ID
--INNER JOIN PAGOS AS P ON C.PAGOS_ID = P.PAGOS_ID
--INNER JOIN PLATAFORMA AS PF ON C.CITAS_ID = PF.CITAS_ID
--INNER JOIN FUNCIONARIOS AS F ON PF.FUNCIONARIO_ID = F.FUNCIONARIO_ID
--INNER JOIN PACIENTES AS PA ON PF.PACIENTE_ID = PA.PACIENTE_ID
--WHERE PA.PACIENTE_ID = '1'


--DELETE FROM CITAS
--WHERE CITAS_ID = '5'
