CREATE DATABASE ELBUENVIVIR_DB
GO

USE ELBUENVIVIR_DB
GO

--(1)
CREATE TABLE BITACORA(
	BITACORA_ID   INT CONSTRAINT PK_BITACORA PRIMARY KEY IDENTITY(1,1) NOT NULL,
	EVENTO        VARCHAR(20) NULL,
	FECHA_HORA    VARCHAR(20) NULL,
	USUARIO       VARCHAR(20) NULL,
)
GO

ALTER TABLE BITACORA ADD  CONSTRAINT DF_EVENTO_BIT  DEFAULT ('N/A') FOR EVENTO
GO
ALTER TABLE BITACORA ADD  CONSTRAINT DF_FECHA_HORA_BIT  DEFAULT (getdate()) FOR FECHA_HORA
GO
ALTER TABLE BITACORA ADD  CONSTRAINT DF_USUARIO_BIT  DEFAULT ('N/A') FOR USUARIO
GO 

--(2)
CREATE TABLE FUNCIONARIOS(
    FUNCIONARIO_ID     INT CONSTRAINT PK_FUNCIONARIOS_ID PRIMARY KEY NOT NULL,
	PUESTO             VARCHAR(50) NULL,
    NOMBRE_FUNCIONARIO VARCHAR(50) NULL,
    APELLIDOS          VARCHAR(60) NULL,
    FECHA_NACIMIENTO   VARCHAR(50) NULL,
    GENERO             VARCHAR(20) NULL,
    NACIONALIDAD       VARCHAR(50) NULL,
	ESTADO_CIVIL       VARCHAR(20) NULL,
	DIAS_LIBRES        VARCHAR(300)NULL,
    CORREO             VARCHAR(50) NULL,
    TELEFONO           INT NULL,
    CIUDAD             VARCHAR(50) NULL,
    PROVINCIA          VARCHAR(50) NULL,
    DIRECCION_DETALLE  VARCHAR(300)NULL,
	ANOTACIONES        VARCHAR(300)NULL,
	HORA_ENTRADA       VARCHAR(50) NULL,
    HORA_SALIDA        VARCHAR(50) NULL
)
GO

ALTER TABLE FUNCIONARIOS ADD  CONSTRAINT DF_FECHA_NAC_FUN  DEFAULT (getdate()) FOR FECHA_NACIMIENTO
GO
ALTER TABLE FUNCIONARIOS ADD  CONSTRAINT DF_NACIONALIDAD_FUN  DEFAULT ('Costarricense') FOR NACIONALIDAD
GO
ALTER TABLE FUNCIONARIOS ADD  CONSTRAINT DF_CIUDAD_FUN  DEFAULT ('N/A') FOR CIUDAD
GO
ALTER TABLE FUNCIONARIOS ADD  CONSTRAINT DF_PROVINCIA_FUN  DEFAULT ('San Jose') FOR PROVINCIA
GO
ALTER TABLE FUNCIONARIOS ADD  CONSTRAINT DF_DIRECCION_DET_FUN  DEFAULT ('N/A') FOR DIRECCION_DETALLE
GO


--(3)
CREATE TABLE HISTORIAL(
	HISTORIAL_ID         INT CONSTRAINT PK_HISTORIAL PRIMARY KEY IDENTITY(1,1) NOT NULL,
	FECHA_REGISTRO       DATE NULL,
	ANTECEDENTES         VARCHAR(100) NULL,
	MEDICAMENTOS         VARCHAR(100) NULL,
	DIAGNOSTICOS         VARCHAR(100) NULL,
	RESULTADO_PRUEBAS    VARCHAR(100) NULL,
	OBSERVACIONES        VARCHAR(100) NULL
)
GO

ALTER TABLE HISTORIAL ADD  CONSTRAINT DF_FECHA_REG_HIS  DEFAULT (getdate()) FOR FECHA_REGISTRO
GO
ALTER TABLE HISTORIAL ADD  CONSTRAINT DF_ANTECEDENTES_HIS  DEFAULT ('N/A') FOR ANTECEDENTES
GO
ALTER TABLE HISTORIAL ADD  CONSTRAINT DF_MEDICAMENTOS_HIS  DEFAULT ('N/A') FOR MEDICAMENTOS
GO
ALTER TABLE HISTORIAL ADD  CONSTRAINT DF_DIAGNOSTICOS_HIS  DEFAULT ('N/A') FOR DIAGNOSTICOS
GO
ALTER TABLE HISTORIAL ADD  CONSTRAINT DF_RESULTADO_PRUEBAS_HIS  DEFAULT ('N/A') FOR RESULTADO_PRUEBAS
GO
ALTER TABLE HISTORIAL ADD  CONSTRAINT DF_OBSERVACIONES_HIS  DEFAULT ('N/A') FOR OBSERVACIONES
GO

--(4)
CREATE TABLE PACIENTES(
    PACIENTE_ID        INT CONSTRAINT PK_PACIENTES_ID PRIMARY KEY NOT NULL,
	ID_HISTORIAL       INT NOT NULL,
	TIPO_ID            VARCHAR(50) NULL,
    NOMBRE_PACIENTE    VARCHAR(50) NULL,
    APELLIDOS          VARCHAR(60) NULL,
    FECHA_NACIMIENTO   DATE NULL,
    GENERO             VARCHAR(50) NULL,
    NACIONALIDAD       VARCHAR(50) NULL,
	CORREO             VARCHAR(50) NULL,
	TELEFONO           INT NULL,
    CIUDAD             VARCHAR(50) NULL,
    PROVINCIA          VARCHAR(50) NULL,
    DIRECCION_DETALLE  VARCHAR(300)NULL,
	ESTADO_CIVIL       VARCHAR(50) NULL,
    LABORANDO          VARCHAR(50) NULL,
	EMERGENCIA_NUM     INT NULL,
	GUARDIAN           VARCHAR(50) NULL,
	ASEGURADO          VARCHAR(50) NULL
)
GO

ALTER TABLE PACIENTES ADD  CONSTRAINT DF_FECHA_NAC_PAC  DEFAULT (getdate()) FOR FECHA_NACIMIENTO
GO
ALTER TABLE PACIENTES ADD  CONSTRAINT DF_NACIONALIDAD_PAC  DEFAULT ('Costarricense') FOR NACIONALIDAD
GO
ALTER TABLE PACIENTES ADD  CONSTRAINT DF_CIUDAD_PAC  DEFAULT ('N/A') FOR CIUDAD
GO
ALTER TABLE PACIENTES ADD  CONSTRAINT DF_PROVINCIA_PAC  DEFAULT ('San Jose') FOR PROVINCIA
GO
ALTER TABLE PACIENTES ADD  CONSTRAINT DF_DIRECCION_DET_PAC  DEFAULT ('N/A') FOR DIRECCION_DETALLE
GO
ALTER TABLE PACIENTES ADD  CONSTRAINT DF_ESTADO_CIVIL_PAC  DEFAULT ('N/A') FOR ESTADO_CIVIL
GO
ALTER TABLE PACIENTES ADD  CONSTRAINT DF_GUARDIAN_PAC  DEFAULT ('N/A') FOR GUARDIAN
GO
--REFERENCE
ALTER TABLE PACIENTES WITH CHECK ADD  CONSTRAINT FK_TO_HISTORIAL FOREIGN KEY(ID_HISTORIAL)
REFERENCES HISTORIAL(HISTORIAL_ID)
ON DELETE CASCADE

--(5)
CREATE TABLE ESPECIALIDADES(
	ESPECIAL_ID          INT CONSTRAINT PK_ESPECIAL_ID PRIMARY KEY IDENTITY(1,1) NOT NULL,
	NOMBRE_ESPECIALIDAD  VARCHAR(50) NULL,
	DESCRIPCION          VARCHAR(200) NULL,
	AREA                 VARCHAR(50) NULL,
	COSTO                DECIMAL(10, 2) NULL,
	DISPONIBILIDAD       VARCHAR(50) NULL,
	OBSERVACIONES        VARCHAR(200) NULL,
)
GO
--RULES
ALTER TABLE ESPECIALIDADES ADD  CONSTRAINT DF_DESCRIPCION_ESP  DEFAULT ('N/A') FOR DESCRIPCION
GO
ALTER TABLE ESPECIALIDADES ADD  CONSTRAINT DF_AREA_ESP  DEFAULT ('Medicina General') FOR AREA
GO
ALTER TABLE ESPECIALIDADES ADD  CONSTRAINT DF_COSTO_ESP  DEFAULT ((0.00)) FOR COSTO
GO
ALTER TABLE ESPECIALIDADES ADD  CONSTRAINT DF_DISPONIBILIDAD_ESP  DEFAULT ('Si') FOR DISPONIBILIDAD
GO
ALTER TABLE ESPECIALIDADES ADD  CONSTRAINT DF_OBSERVACIONES_ESP  DEFAULT ('Sin Observaciones') FOR OBSERVACIONES
GO

--(6)
CREATE TABLE MEDICOS(
    MEDICOS_ID         INT CONSTRAINT PK_MEDICOS_ID PRIMARY KEY NOT NULL,
    NOMBRE_MEDICO      VARCHAR(30) NULL,
    APELLIDOS          VARCHAR(60) NULL,
    FECHA_NACIMIENTO   VARCHAR(50) NULL,
    GENERO             VARCHAR(10) NULL,
    NACIONALIDAD       VARCHAR(50) NULL,
	ESTADO_CIVIL       VARCHAR(20) NULL,
	DIAS_LIBRES        VARCHAR(100)NULL,
    CORREO             VARCHAR(50) NULL,
    TELEFONO           INT NULL,
    CIUDAD             VARCHAR(20) NULL,
    PROVINCIA          VARCHAR(20) NULL,
    DIRECCION_DETALLE  VARCHAR(300)NULL,
	ANOTACIONES        VARCHAR(300)NULL,
	PUESTO             VARCHAR(100)NULL,
    HORA_ENTRADA       VARCHAR(50) NULL,
    HORA_SALIDA        VARCHAR(50) NULL   
)
GO


ALTER TABLE MEDICOS ADD  CONSTRAINT DF_FECHA_NAC_MED  DEFAULT (getdate()) FOR FECHA_NACIMIENTO
GO
ALTER TABLE MEDICOS ADD  CONSTRAINT DF_NACIONALIDAD_MED  DEFAULT ('Costarricense') FOR NACIONALIDAD
GO
ALTER TABLE MEDICOS ADD  CONSTRAINT DF_CIUDAD_MED  DEFAULT ('N/A') FOR CIUDAD
GO
ALTER TABLE MEDICOS ADD  CONSTRAINT DF_PROVINCIA_MED  DEFAULT ('San José') FOR PROVINCIA
GO
ALTER TABLE MEDICOS ADD  CONSTRAINT DF_DIRECCION_DET_MED  DEFAULT ('N/A') FOR DIRECCION_DETALLE
GO

--(7)
CREATE TABLE MEDICOS_ESPECIALIDADES(
	MED_ESP_ID INT CONSTRAINT PK_MED_ESP PRIMARY KEY IDENTITY(1,1) NOT NULL,
	ID_ESPECIALIDADES      INT NOT NULL,
	ID_MEDICOS             INT NOT NULL
)



ALTER TABLE MEDICOS_ESPECIALIDADES  WITH CHECK ADD  CONSTRAINT FK_ID_ESPECIALIDADES FOREIGN KEY(ID_ESPECIALIDADES)
REFERENCES ESPECIALIDADES (ESPECIAL_ID)
ON DELETE CASCADE
GO
ALTER TABLE MEDICOS_ESPECIALIDADES CHECK CONSTRAINT FK_ID_ESPECIALIDADES
GO
ALTER TABLE MEDICOS_ESPECIALIDADES  WITH CHECK ADD  CONSTRAINT FK_ID_MEDICOS FOREIGN KEY(ID_MEDICOS)
REFERENCES MEDICOS (MEDICOS_ID)
ON DELETE CASCADE
GO
ALTER TABLE MEDICOS_ESPECIALIDADES CHECK CONSTRAINT FK_ID_MEDICOS
GO

--(8)
CREATE TABLE HORARIO (
    HORARIO_ID   INT CONSTRAINT PK_HORARIO PRIMARY KEY IDENTITY(1,1) NOT NULL,
    FECHA        VARCHAR(50),
    HORA_INICIO  VARCHAR(50),
    HORA_FIN     VARCHAR(50)
)

INSERT INTO HORARIO (FECHA, HORA_INICIO, HORA_FIN)
VALUES
    ('2023-06-19', '06:00', '07:00'),
    ('2023-06-20', '08:00', '09:00'),
    ('2023-06-21', '10:00', '11:00'),
    ('2023-06-22', '12:00', '13:00'),
    ('2023-06-23', '14:00', '15:00');

INSERT INTO HORARIO (FECHA, HORA_INICIO, HORA_FIN)
VALUES
    ('2023-06-25', '06:00', '14:00'),
    ('2023-06-26', '08:00', '17:00');


--(9)
CREATE TABLE CITAS(
	CITAS_ID                    INT CONSTRAINT PK_CITAS PRIMARY KEY IDENTITY(1,1) NOT NULL,
	ID_MEDICOS_ESPECIALIDADES   INT NOT NULL,
    HORARIO_ID                  INT NULL,
	ESTADO                      VARCHAR(100) NULL,
	MOTIVO                      VARCHAR(100) NULL,
	OBSERVACIONES               VARCHAR(100) NULL,
	PAGADO                      VARCHAR(20) NULL,
	METODO_PAGO                 VARCHAR(20) NULL
)

----REFERENCE
ALTER TABLE CITAS ADD CONSTRAINT FK_TO_HORARIO 
FOREIGN KEY(HORARIO_ID) REFERENCES HORARIO (HORARIO_ID)
ON DELETE CASCADE
ALTER TABLE CITAS ADD CONSTRAINT FK_TO_MED_ESPEC
FOREIGN KEY(ID_MEDICOS_ESPECIALIDADES) REFERENCES MEDICOS_ESPECIALIDADES(MED_ESP_ID)
ON DELETE CASCADE

--(10)
CREATE TABLE PLATAFORMA(
	PLATAFORMA_ID   INT CONSTRAINT PK_PLATAFORMA PRIMARY KEY IDENTITY(1,1) NOT NULL,
	ID_PACIENTE     INT NOT NULL,
	ID_CITAS        INT NOT NULL,
	ID_FUNCIONARIO  INT NOT NULL,
	HORA_ENTRADA    TIME(7) NULL,
	HORA_SALIDA     TIME(7) NULL,
	MOTIVO          VARCHAR(100) NULL,
	CASO            VARCHAR(100) NULL
)
GO

ALTER TABLE PLATAFORMA  WITH CHECK ADD  CONSTRAINT FK_CITAS FOREIGN KEY(ID_CITAS)
REFERENCES CITAS (CITAS_ID)
ON DELETE CASCADE
GO
ALTER TABLE PLATAFORMA CHECK CONSTRAINT FK_CITAS
GO
ALTER TABLE PLATAFORMA  WITH CHECK ADD  CONSTRAINT FK_FUNCIONARIO FOREIGN KEY(ID_FUNCIONARIO)
REFERENCES FUNCIONARIOS (FUNCIONARIO_ID)
ON DELETE CASCADE
GO
ALTER TABLE PLATAFORMA CHECK CONSTRAINT FK_FUNCIONARIO
GO
ALTER TABLE PLATAFORMA  WITH CHECK ADD  CONSTRAINT FK_PACIENTES FOREIGN KEY(ID_PACIENTE)
REFERENCES PACIENTES(PACIENTE_ID)
ON DELETE CASCADE
GO
ALTER TABLE PLATAFORMA CHECK CONSTRAINT FK_PACIENTES
GO


--(11)
CREATE TABLE INVENTARIO(
	INVENTARIO_ID    INT CONSTRAINT PK_INVENTARIO_ID PRIMARY KEY IDENTITY(1,1) NOT NULL,
	PRODUCTO         VARCHAR(50) NULL,
	CANTIDAD         INT NULL,
	FECHA_CADUCIDAD  DATE NULL,
	PRECIO_UNITARIO  DECIMAL(10, 2) NULL,
	PROVEEDOR        VARCHAR(50) NULL,
)
GO
ALTER TABLE INVENTARIO ADD  CONSTRAINT DF_PRODUCTO_INV  DEFAULT ('N/A') FOR PRODUCTO
GO
ALTER TABLE INVENTARIO ADD  CONSTRAINT DF_CANTIDAD_INV  DEFAULT ((0)) FOR CANTIDAD
GO
ALTER TABLE INVENTARIO ADD  CONSTRAINT DF_CADUCIDAD_INV  DEFAULT (getdate()) FOR FECHA_CADUCIDAD
GO
ALTER TABLE INVENTARIO ADD  CONSTRAINT DF_PRECIO_UNIT_INV  DEFAULT ((0.00)) FOR PRECIO_UNITARIO
GO
ALTER TABLE INVENTARIO ADD  CONSTRAINT DF_PROVEEDOR_INV  DEFAULT ('N/A') FOR PROVEEDOR
GO 

--(12)
CREATE TABLE RECETAS
(
    RECETAS_ID         INT CONSTRAINT PK_RECETAS PRIMARY KEY IDENTITY(1,1) NOT NULL,
	INVENTARIO_ID      INT NOT NULL,
    ID_MED_ESPECIAL    INT NOT NULL,
    NOMBRE_RECETA      VARCHAR(50) NULL,
    DOSIS              VARCHAR(50) NULL,
    FECHA_RETIRO       DATE NULL,
    DURACION           VARCHAR(50) NULL,
    INDICACIONES       VARCHAR(100) NULL,
    CANTIDAD_RECETAS   INT NULL,
    PROXIMA_RECETA     DATE NULL
)
GO
ALTER TABLE RECETAS ADD  CONSTRAINT DF_DOSIS_REC  DEFAULT ('N/A') FOR DOSIS
GO
ALTER TABLE RECETAS ADD  CONSTRAINT DF_FECHA_RET_REC  DEFAULT (getdate()) FOR FECHA_RETIRO
GO
ALTER TABLE RECETAS ADD  CONSTRAINT DF_DURACION_REC  DEFAULT ('N/A') FOR DURACION
GO
ALTER TABLE RECETAS ADD  CONSTRAINT DF_INDICACIONES_REC  DEFAULT ('N/A') FOR INDICACIONES
GO
ALTER TABLE RECETAS ADD  CONSTRAINT DF_CANTIDAD_REC  DEFAULT ((0)) FOR CANTIDAD_RECETAS
GO
ALTER TABLE RECETAS ADD  CONSTRAINT DF_PROXIMO_REC  DEFAULT (getdate()) FOR PROXIMA_RECETA
GO
----REFERENCE
ALTER TABLE RECETAS ADD  CONSTRAINT FK_TO_MED_ESP 
FOREIGN KEY(ID_MED_ESPECIAL) REFERENCES MEDICOS_ESPECIALIDADES(MED_ESP_ID)
ON DELETE CASCADE
ALTER TABLE RECETAS ADD  CONSTRAINT FK_TO_INVENTARIO 
FOREIGN KEY(INVENTARIO_ID) REFERENCES INVENTARIO(INVENTARIO_ID)
ON DELETE CASCADE



INSERT INTO FUNCIONARIOS (FUNCIONARIO_ID, PUESTO, NOMBRE_FUNCIONARIO, APELLIDOS, FECHA_NACIMIENTO, GENERO, NACIONALIDAD, ESTADO_CIVIL, DIAS_LIBRES, CORREO, TELEFONO, CIUDAD, PROVINCIA, DIRECCION_DETALLE, ANOTACIONES, HORA_ENTRADA, HORA_SALIDA)
VALUES
    (1, 'Gerente', 'Juan', 'Pérez', '1990-01-01', 'Masculino', 'Español', 'Soltero', 'Lunes, Martes', 'juan.perez@example.com', 12345690, 'Madrid', 'Madrid', 'Calle Principal 123', 'Ninguna anotación', '09:00:00', '18:00:00'),
    (2, 'Analista', 'María', 'López', '1995-02-15', 'Femenino', 'Española', 'Casada', 'Miércoles, Jueves', 'maria.lopez@example.com', 96543210, 'Barcelona', 'Barcelona', 'Avenida Central 456', 'Anotación de prueba', '08:30:00', '17:30:00'),
    (3, 'Desarrollador', 'Pedro', 'García', '1992-07-10', 'Masculino', 'Español', 'Soltero', 'Viernes', 'pedro.garcia@example.com', 55555555, 'Valencia', 'Valencia', 'Calle Secundaria 789', NULL, '09:15:00', '18:15:00'),
    (4, 'Administrativo', 'Ana', 'Martínez', '1988-12-05', 'Femenino', 'Española', 'Casada', 'Sábado, Domingo', 'ana.martinez@example.com', 11111111, 'Sevilla', 'Sevilla', 'Plaza Principal 987', NULL, '09:30:00', '18:30:00'),
    (5, 'Coordinador', 'Luis', 'Rodríguez', '1993-04-20', 'Masculino', 'Español', 'Soltero', 'Lunes a Viernes', 'luis.rodriguez@example.com', 99999999, 'Málaga', 'Málaga', 'Avenida Secundaria 654', 'Otra anotación', '08:45:00', '17:45:00');
--INSERTAR DATOS DE ESPECIALIDADES INICIALES
INSERT INTO ESPECIALIDADES (NOMBRE_ESPECIALIDAD, DESCRIPCION, AREA, COSTO, DISPONIBILIDAD, OBSERVACIONES)
VALUES
    ('Medicina General', 'Atención médica general para pacientes de todas las edades.', 'Medicina General', 100000.00, 'Si', 'Sin Observaciones'),
    ('Pediatría', 'Atención médica especializada para niños y adolescentes.', 'Pediatría', 12000.00, 'Si', 'Sin Observaciones'),
    ('Cardiología', 'Especialidad que se ocupa del diagnóstico y tratamiento de enfermedades del corazón.', 'Cardiología', 150000.00, 'Si', 'Sin Observaciones'),
    ('Dermatología', 'Especialidad que se ocupa del diagnóstico y tratamiento de enfermedades de la piel.', 'Dermatología', 130000.00, 'Si', 'Sin Observaciones'),
    ('Ginecología', 'Especialidad que se ocupa de la salud del sistema reproductor femenino.', 'Ginecología', 140000.00, 'Si', 'Sin Observaciones'),
    ('Oftalmología', 'Especialidad que se ocupa del diagnóstico y tratamiento de enfermedades de los ojos.', 'Oftalmología', 160000.00, 'Si', 'Sin Observaciones'),
    ('Otorrinolaringología', 'Especialidad que se ocupa del diagnóstico y tratamiento de enfermedades del oído, nariz y garganta.', 'Otorrinolaringología', 140000.00, 'Si', 'Sin Observaciones'),
    ('Ortopedia', 'Especialidad que se ocupa del diagnóstico y tratamiento de enfermedades y lesiones del sistema musculoesquelético.', 'Ortopedia', 180000.00, 'Si', 'Sin Observaciones'),
    ('Psicología', 'Especialidad que se ocupa del diagnóstico y tratamiento de trastornos mentales y emocionales.', 'Psicología', 120000.00, 'Si', 'Sin Observaciones'),
    ('Nutrición', 'Especialidad que se ocupa del diagnóstico y tratamiento de problemas relacionados con la alimentación y la nutrición.', 'Nutrición', 100000.00, 'Si', 'Sin Observaciones');






INSERT INTO INVENTARIO (PRODUCTO, CANTIDAD, FECHA_CADUCIDAD, PRECIO_UNITARIO, PROVEEDOR)
VALUES
    ('Paracetamol', 100, '2024-06-30', 10.99, 'Proveedor A'),
    ('Ibuprofeno', 50, '2023-12-31', 8.99, 'Proveedor B'),
    ('Amoxicilina', 80, '2024-09-15', 15.99, 'Proveedor C'),
    ('Omeprazol', 120, '2023-11-30', 12.99, 'Proveedor A'),
    ('Loratadina', 60, '2024-08-15', 7.99, 'Proveedor B'),
    ('Diazepam', 30, '2023-10-31', 9.99, 'Proveedor C'),
    ('Clonazepam', 40, '2024-07-31', 11.99, 'Proveedor A'),
    ('Prednisona', 90, '2023-09-30', 14.99, 'Proveedor B'),
    ('Metformina', 70, '2024-05-31', 6.99, 'Proveedor C'),
    ('Atorvastatina', 50, '2023-11-15', 13.99, 'Proveedor A'),
    ('Metoprolol', 80, '2024-06-30', 8.99, 'Proveedor B'),
    ('Fluoxetina', 100, '2023-12-31', 12.99, 'Proveedor C'),
    ('Escitalopram', 40, '2024-09-15', 9.99, 'Proveedor A'),
    ('Losartan', 70, '2023-11-30', 11.99, 'Proveedor B'),
    ('Warfarina', 90, '2024-08-15', 7.99, 'Proveedor C'),
    ('Levothyroxine', 120, '2023-10-31', 10.99, 'Proveedor A'),
    ('Ciprofloxacino', 60, '2024-07-31', 14.99, 'Proveedor B'),
    ('Sulfametoxazol', 30, '2023-09-30', 8.99, 'Proveedor C'),
    ('Furosemida', 50, '2024-05-31', 9.99, 'Proveedor A'),
    ('Amoxicilina', 80, '2023-11-15', 12.99, 'Proveedor B'),
    ('Dipirona', 70, '2024-06-30', 6.99, 'Proveedor C'),
    ('Oxcarbazepina', 100, '2024-06-30', 10.99, 'Proveedor A'),
    ('Metronidazol', 50, '2023-12-31', 8.99, 'Proveedor B'),
    ('Sildenafil', 80, '2024-09-15', 15.99, 'Proveedor C'),
    ('Dextrometorfano', 120, '2023-11-30', 12.99, 'Proveedor A'),
    ('Alprazolam', 60, '2024-08-15', 7.99, 'Proveedor B'),
    ('Cetirizina', 30, '2023-10-31', 9.99, 'Proveedor C'),
    ('Naproxeno', 40, '2024-07-31', 11.99, 'Proveedor A'),
    ('Enalapril', 90, '2023-09-30', 14.99, 'Proveedor B'),
    ('Lisinopril', 70, '2024-05-31', 6.99, 'Proveedor C'),
    ('Metoclopramida', 50, '2023-11-15', 13.99, 'Proveedor A'),
    ('Codeína', 80, '2024-06-30', 8.99, 'Proveedor B'),
    ('Pregabalina', 100, '2023-12-31', 12.99, 'Proveedor C'),
    ('Aciclovir', 40, '2024-09-15', 9.99, 'Proveedor A'),
    ('Lansoprazol', 70, '2023-11-30', 11.99, 'Proveedor B'),
    ('Simvastatina', 90, '2024-08-15', 7.99, 'Proveedor C'),
    ('Tramadol', 120, '2023-10-31', 10.99, 'Proveedor A'),
    ('Clorfenamina', 60, '2024-07-31', 14.99, 'Proveedor B'),
    ('Salbutamol', 30, '2023-09-30', 8.99, 'Proveedor C'),
    ('Levotiroxina', 50, '2024-05-31', 9.99, 'Proveedor A'),
    ('Ranitidina', 80, '2023-11-15', 12.99, 'Proveedor B'),
    ('Cefalexina', 70, '2024-06-30', 6.99, 'Proveedor C'),
    ('Dexametasona', 100, '2024-06-30', 10.99, 'Proveedor A'),
    ('Miconazol', 50, '2023-12-31', 8.99, 'Proveedor B'),
    ('Metronidazol', 80, '2024-09-15', 15.99, 'Proveedor C'),
    ('Prednisolona', 120, '2023-11-30', 12.99, 'Proveedor A'),
    ('Fluconazol', 60, '2024-08-15', 7.99, 'Proveedor B'),
    ('Atenolol', 30, '2023-10-31', 9.99, 'Proveedor C'),
    ('Bisoprolol', 40, '2024-07-31', 11.99, 'Proveedor A'),
    ('Fenitoína', 90, '2023-09-30', 14.99, 'Proveedor B');

	INSERT INTO MEDICOS (MEDICOS_ID, NOMBRE_MEDICO, APELLIDOS, FECHA_NACIMIENTO, GENERO, NACIONALIDAD, ESTADO_CIVIL, DIAS_LIBRES, CORREO, TELEFONO, CIUDAD, PROVINCIA, DIRECCION_DETALLE, ANOTACIONES, PUESTO, HORA_ENTRADA, HORA_SALIDA)
VALUES
    (1, 'Dr. Juan', 'Pérez', '1990-05-15', 'Masculino', 'México', 'Soltero', 'Lunes, Miércoles, Viernes', 'drjuan@example.com', 123456789, 'Ciudad de México', 'Ciudad de México', 'Av. Principal 123', 'Especialista en Cardiología', 'Cardiólogo', '08:00:00', '17:00:00'),
    (2, 'Dra. María', 'González', '1985-10-20', 'Femenino', 'España', 'Casada', 'Martes, Jueves', 'dramaria@example.com', 987654321, 'Madrid', 'Madrid', 'Calle Secundaria 456', 'Especialista en Pediatría', 'Pediatra', '09:00:00', '18:00:00'),
    (3, 'Dr. Roberto', 'Sánchez', '1978-03-10', 'Masculino', 'Argentina', 'Casado', 'Miércoles, Viernes', 'drroberto@example.com', 564738291, 'Buenos Aires', 'Buenos Aires', 'Avenida Principal 789', 'Especialista en Dermatología', 'Dermatólogo', '10:00:00', '19:00:00'),
    (4, 'Dra. Ana', 'López', '1992-07-08', 'Femenino', 'Colombia', 'Soltera', 'Lunes, Martes, Miércoles', 'draana@example.com', 908172635, 'Bogotá', 'Bogotá', 'Carrera Principal 987', 'Especialista en Ginecología', 'Ginecóloga', '08:30:00', '17:30:00'),
    (5, 'Dr. Carlos', 'Martínez', '1980-12-25', 'Masculino', 'Perú', 'Casado', 'Martes, Jueves, Viernes', 'drcarlos@example.com', 456789123, 'Lima', 'Lima', 'Avenida Secundaria 654', 'Especialista en Medicina Interna', 'Médico Internista', '09:30:00', '18:30:00');


	INSERT INTO MEDICOS_ESPECIALIDADES (ID_ESPECIALIDADES, ID_MEDICOS)
VALUES 
    (1, 1),
    (2, 1),
    (3, 2),
    (4, 2),
    (5, 3),
    (6, 3),
    (7, 4),
    (8, 4),
    (9, 5),
    (10, 5);
SELECT * FROM ESPECIALIDADES
SELECT * FROM INVENTARIO
SELECT * FROM FUNCIONARIOS
SELECT * FROM MEDICOS
SELECT * FROM RECETAS
SELECT * FROM HORARIO
SELECT * FROM CITAS
SELECT * FROM MEDICOS_ESPECIALIDADES